S.no,Meaningful,Uniqueness,Price,Physical availability,Saliency,Consideration
1,8,8,7,9,9,7
2,6,6,5,6,5,5
3,7,9,7,8,8,6
4,7,5,6,6,8,6
5,8,5,6,6,6,7
6,7,7,7,7,9,8
7,8,8,6,4,4,6
8,8,4,4,7,7,6
9,7,7,7,7,6,5
10,6,6,4,5,5,7
11,7,7,4,8,7,5
12,4,4,5,6,5,6
13,5,5,4,5,5,5
14,8,8,6,9,9,8
15,6,6,5,6,7,6
16,5,4,7,7,6,6
17,9,9,6,10,10,6
18,8,7,7,6,7,5
19,9,9,7,7,9,5
20,6,7,6,6,6,5
21,8,6,5,5,6,7
22,6,7,5,7,7,8
23,7,6,5,7,5,6
24,6,6,6,5,4,5
25,8,8,6,8,7,8
26,7,9,8,8,8,7
27,3,4,5,5,6,4
28,7,7,6,7,7,5
29,7,7,7,7,7,7
30,8,8,5,7,7,5
31,9,8,7,8,9,8
32,6,6,7,6,6,8
33,9,9,6,8,8,6
34,6,5,5,6,6,5
35,8,8,7,7,8,7
36,8,9,7,9,6,8
37,7,8,6,7,8,5
38,9,9,7,5,7,5
39,7,7,6,6,6,4
40,7,6,6,7,7,5
41,7,7,6,8,8,8
42,8,9,7,6,8,8
43,7,6,6,7,6,6
44,9,9,7,8,8,6
45,8,8,8,7,7,6
46,6,6,8,8,7,6
47,4,3,4,6,6,5
48,9,9,6,8,8,8
49,8,8,5,9,8,6
50,7,8,6,6,8,8
51,8,8,7,7,8,6
52,7,7,5,7,7,7
53,9,9,7,10,10,6
54,6,6,6,7,6,6
55,8,9,6,6,8,6
56,7,7,7,8,8,7
57,8,9,7,8,10,7
58,8,8,8,8,8,5
59,8,8,7,4,7,7
60,7,6,6,8,7,4
61,5,4,4,6,6,6
62,8,8,7,7,9,5
63,8,8,4,9,9,6
64,7,6,7,6,5,6
65,4,4,6,6,6,5
66,8,8,6,7,8,6
67,8,8,7,10,10,6
68,6,6,6,6,3,6
69,7,7,5,6,9,7
70,6,6,4,6,2,6
71,7,6,6,4,6,5
72,7,5,6,6,6,6
73,8,8,6,9,8,7
74,6,8,7,7,7,6
75,4,3,4,6,5,6
76,6,7,7,7,7,7
77,8,8,5,7,7,6
78,9,8,7,7,5,5
79,6,6,4,6,6,6
80,7,5,5,5,6,4
81,7,7,8,7,8,5
82,7,6,5,6,7,6
83,6,6,6,6,6,6
84,8,7,7,7,9,5
85,6,5,6,6,7,5
86,5,4,4,4,4,6
87,5,6,6,6,7,5
88,9,9,6,9,10,8
89,8,8,6,7,8,6
90,7,7,7,5,7,6
91,7,8,7,7,8,8
92,7,7,6,8,8,6
93,5,4,5,6,4,6
94,8,9,6,4,4,5
95,7,7,6,7,8,7
96,8,8,7,8,7,7
97,7,7,6,6,7,9
98,8,8,6,9,9,7
99,7,7,6,7,8,6
100,8,7,6,7,8,7
101,7,8,5,6,7,7
102,9,9,6,7,5,6
103,9,9,5,8,4,9
104,8,8,6,8,9,6
105,6,5,6,6,7,7
106,6,7,6,6,7,6
107,8,8,7,8,8,8
108,7,6,4,6,6,7
109,7,7,6,5,3,6
110,6,6,7,6,6,7
111,6,7,6,7,6,6
112,9,9,7,10,10,5
113,8,8,7,7,8,7
114,7,7,6,7,8,7
115,8,7,7,7,7,6
116,5,6,5,7,6,5
117,8,8,7,7,8,7
118,7,6,5,8,6,9
119,6,6,7,7,5,7
120,5,5,5,9,4,6
121,6,6,7,8,5,6
122,8,8,8,8,9,7
123,8,8,6,7,8,7
124,7,8,7,7,7,7
125,8,9,6,8,4,6
126,7,6,6,7,9,6
127,9,9,5,10,10,7
128,6,6,7,7,6,5
129,7,7,6,7,7,7
130,7,7,7,8,8,8
131,7,8,5,9,6,7
132,8,8,8,9,9,8
133,8,7,6,6,7,7
134,9,9,6,10,10,4
135,8,8,7,8,9,7
136,7,6,5,7,9,7
137,8,8,6,8,7,8
138,7,6,7,7,6,7
139,6,6,6,6,5,6
140,7,8,7,9,1,8
141,6,6,6,5,4,4
142,6,5,6,6,6,7
143,8,8,7,8,9,7
144,7,8,7,10,8,7
145,7,6,7,7,7,7
146,6,6,6,6,5,6
147,7,7,6,6,7,7
148,7,7,6,7,7,8
149,4,4,5,8,6,6
150,8,8,6,6,7,7
151,5,5,5,5,6,6
152,8,8,5,9,7,6
153,7,8,5,7,8,7
154,7,5,4,5,5,6
155,7,7,4,7,7,6
156,6,7,7,7,7,7
157,7,8,7,5,7,6
158,7,7,6,8,9,6
159,7,8,6,10,9,4
160,7,6,6,6,8,7
161,9,9,6,7,9,8
162,6,6,5,6,6,4
163,6,6,6,5,5,5
164,7,6,6,8,8,7
165,7,8,6,8,7,6
166,7,8,7,7,7,7
167,8,8,6,7,9,6
168,7,8,5,7,7,8
169,8,8,7,7,7,6
170,9,8,7,8,10,5
171,7,8,7,7,8,7
172,7,7,4,5,6,6
173,7,7,7,7,7,7
174,8,8,8,7,7,7
175,8,8,8,8,8,8
176,8,8,6,6,5,6
177,6,6,6,6,6,7
178,9,9,8,7,7,7
179,8,8,7,8,7,8
180,8,6,5,7,6,7
181,8,8,6,8,8,9
182,8,8,6,6,5,7
183,7,8,5,8,10,7
184,7,7,8,8,6,6
185,9,9,7,9,10,8
186,9,9,6,7,9,7
187,7,6,6,7,9,7
188,5,6,6,6,6,5
189,8,9,6,8,9,7
190,8,7,7,6,7,8
191,8,7,4,7,7,8
192,7,6,7,8,8,5
193,5,5,6,6,7,6
194,8,8,6,7,7,7
195,8,8,6,6,6,8
196,7,5,6,7,7,5
197,8,8,4,7,7,6
198,8,8,8,8,8,8
199,6,8,6,8,7,6
200,8,8,6,6,7,7
201,8,8,6,8,8,7
202,8,8,7,9,9,7
203,6,5,6,10,8,7
204,7,7,7,8,7,6
205,5,6,5,8,5,7
206,5,6,5,6,5,6
207,9,9,5,9,9,6
208,7,7,6,8,7,7
209,7,6,7,6,6,7
210,5,3,5,3,10,5
211,6,5,7,8,6,6
212,8,8,6,7,7,8
213,6,5,6,7,7,6
214,7,7,6,6,7,5
215,7,7,7,7,7,8
216,8,8,6,9,8,7
217,7,8,7,8,7,6
218,8,8,6,9,8,5
219,6,4,6,6,6,5
220,9,9,4,10,10,7
221,6,6,5,6,6,6
222,8,8,8,8,8,8
223,6,6,7,6,6,8
224,7,5,6,7,7,5
225,8,8,6,5,7,8
226,7,7,7,7,7,7
227,7,8,6,8,10,5
228,7,5,5,8,7,7
229,8,8,8,8,9,5
230,7,8,6,8,8,7
231,6,5,4,6,6,6
232,6,6,7,7,7,8
233,8,7,7,7,7,7
234,8,7,7,7,8,7
235,7,7,6,8,7,7
236,8,7,6,6,4,6
237,8,8,6,9,8,4
238,8,8,6,7,7,6
239,7,4,6,7,9,6
240,5,5,5,5,6,6
241,8,7,7,8,8,7
242,5,6,5,6,6,5
243,7,6,7,7,8,8
244,6,7,6,7,7,5
245,8,8,6,6,7,7
246,7,8,7,6,8,6
247,6,6,7,6,6,7
248,7,5,6,6,5,7
249,9,9,9,10,10,7
250,6,6,6,6,6,7
251,8,8,7,7,9,6
252,8,8,7,9,8,7
253,5,5,6,6,6,6
254,6,6,5,6,8,4
255,9,9,8,7,7,6
256,5,5,3,6,5,6
257,8,7,8,7,8,6
258,8,8,7,7,7,7
259,9,9,5,7,7,6
260,8,8,6,7,7,7
261,7,6,7,6,6,7
262,6,6,7,6,5,7
263,9,9,8,10,10,7
264,8,8,7,8,8,8
265,6,5,7,6,6,8
266,6,6,5,7,5,5
267,5,6,5,6,5,5
268,6,6,7,7,7,6
269,9,9,8,9,9,7
270,8,9,7,5,9,7
271,4,4,6,5,5,5
272,5,6,8,6,6,7
273,7,7,6,6,6,7
274,6,7,7,4,4,4
275,6,6,7,6,6,5
276,7,6,7,6,5,6
277,7,6,5,5,7,6
278,8,8,7,7,7,7
279,6,6,7,7,6,7
280,8,8,6,8,9,8
281,7,6,7,7,7,7
282,8,8,8,9,9,6
283,6,6,6,6,7,5
284,7,6,7,6,6,8
285,6,7,8,8,8,7
286,8,8,6,8,7,7
287,7,5,8,6,7,7
288,8,7,7,8,7,8
289,6,6,7,5,6,7
290,8,8,7,7,8,5
291,9,8,7,8,8,6
292,7,7,7,7,7,7
293,7,8,7,6,7,6
294,7,7,6,7,7,8
295,6,6,7,7,7,7
296,7,6,6,8,8,7
297,7,7,6,7,7,7
298,6,5,6,7,7,6
299,8,8,7,8,8,8
300,7,7,6,7,7,7
301,6,6,6,7,6,7
302,7,7,8,7,6,7
303,8,8,8,9,8,8
304,7,8,8,8,8,8
305,6,4,6,6,6,5
306,6,7,5,6,7,6
307,4,5,5,4,4,6
308,8,8,7,9,9,8
309,5,3,7,7,6,4
310,9,9,8,8,9,7
311,7,7,7,7,7,7
312,7,7,7,6,7,7
313,6,6,8,6,6,6
314,4,3,6,5,6,5
315,8,6,8,9,7,7
316,7,7,7,7,5,6
317,7,7,5,7,7,6
318,7,7,7,8,8,6
319,8,8,5,8,9,8
320,8,8,7,8,8,8
321,6,5,6,7,7,6
322,7,7,7,6,7,8
323,7,5,6,7,8,5
324,6,6,6,7,7,6
325,7,7,7,8,7,8
326,8,8,6,7,8,6
327,6,7,7,7,7,6
328,7,7,8,7,7,5
329,8,8,7,8,8,8
330,7,5,7,9,8,7
331,6,5,6,7,7,6
332,5,4,6,5,4,6
333,5,6,6,5,5,6
334,8,8,9,9,9,8
335,7,8,8,7,8,7
336,5,4,5,6,4,5
337,8,8,8,8,8,7
338,7,8,7,8,9,7
339,7,7,7,8,8,5
340,6,7,6,8,8,7
341,8,8,7,8,8,7
342,8,8,4,9,9,8
343,7,7,8,9,8,6
344,5,7,6,7,6,6
345,7,8,7,8,7,6
346,7,8,7,8,8,7
347,7,7,7,7,7,8
348,8,8,8,8,8,8
349,7,7,6,4,4,7
350,8,8,9,9,9,9
351,6,6,6,6,5,7
352,6,6,7,7,7,5
353,6,5,6,6,8,5
354,6,7,6,8,6,5
355,9,9,6,9,6,8
356,5,5,7,6,6,6
357,7,7,7,6,7,7
358,7,7,7,6,7,7
359,7,7,7,8,6,8
360,8,8,8,9,10,9
361,6,6,6,6,5,7
362,7,7,6,7,5,6
363,7,7,7,8,8,7
364,8,7,6,10,8,8
365,6,7,7,7,7,6
366,8,8,9,8,9,7
367,7,7,7,9,10,7
368,7,8,7,8,8,6
369,5,5,5,7,6,5
370,7,5,5,6,4,6
371,8,9,7,9,8,8
372,8,9,7,6,7,7
373,6,5,6,7,6,6
374,7,7,5,6,6,8
375,5,2,6,6,5,4
376,6,6,6,6,6,7
377,7,8,5,7,8,7
378,7,8,5,7,6,7
379,6,7,4,5,6,4
380,8,9,6,8,7,7
381,8,8,9,9,9,9
382,8,8,9,9,9,8
383,5,7,4,4,6,5
384,7,8,6,10,7,6
385,8,8,8,7,7,7
386,8,8,7,7,8,9
387,7,8,7,8,8,6
388,8,8,7,9,9,8
389,7,7,7,8,8,6
390,6,8,7,8,9,7
391,6,6,6,6,6,5
392,8,9,6,9,9,5
393,6,6,7,7,7,7
394,7,7,6,9,8,6
395,7,7,6,6,6,7
396,6,6,5,7,7,7
397,8,8,6,8,8,8
398,7,7,5,7,8,7
399,7,6,6,7,9,6
400,8,8,6,7,7,8
401,6,7,6,6,7,7
402,8,9,7,7,8,8
403,9,9,8,10,10,7
404,8,8,7,8,8,8
405,8,8,5,9,8,7
406,7,5,6,6,8,7
407,8,8,5,8,8,6
408,6,4,7,7,7,6
409,8,8,6,9,8,7
410,8,8,6,8,8,7
411,7,9,6,9,10,6
412,6,5,6,6,6,6
413,7,7,6,9,9,8
414,7,7,6,7,7,7
415,5,5,5,5,6,6
416,7,7,4,5,6,6
417,7,7,4,7,7,6
418,7,6,6,9,8,8
419,6,6,5,6,4,7
420,6,6,5,6,6,7
421,7,8,5,8,5,7
422,7,6,6,4,2,7
423,4,4,7,5,5,6
424,8,8,8,8,8,6
425,7,7,4,3,2,7
426,7,6,7,7,6,4
427,6,6,7,7,7,7
428,7,8,7,7,7,7
429,8,8,6,7,7,6
430,7,7,7,7,7,3
431,5,5,5,6,6,6
432,8,8,5,4,2,7
433,6,6,5,3,2,6
434,7,6,7,6,6,8
435,8,7,7,7,7,7
436,6,7,6,7,7,6
437,5,5,6,4,5,6
438,6,6,7,8,7,6
439,6,6,8,7,7,5
440,8,8,7,8,8,5
441,6,6,6,7,7,7
442,9,9,8,7,8,7
443,6,6,6,6,6,6
444,8,8,4,4,2,8
445,7,7,6,7,7,7
446,6,6,5,6,5,6
447,7,7,6,7,7,7
448,6,6,7,7,6,6
449,8,8,5,8,7,5
450,4,5,6,5,5,6
451,8,9,7,8,8,8
452,7,7,7,7,7,7
453,8,8,7,8,8,7
454,7,7,4,3,2,7
455,7,7,7,7,6,7
456,6,7,7,6,7,7
457,6,6,6,7,7,6
458,8,7,5,3,3,7
459,8,8,5,8,7,5
460,7,8,7,8,8,8
461,7,7,7,7,7,7
462,7,7,7,8,8,8
463,7,7,6,6,6,6
464,7,7,6,6,6,4
465,7,7,5,6,7,7
466,6,6,6,6,7,8
467,6,6,6,5,5,6
468,8,8,8,9,8,7
469,8,8,8,8,8,7
470,8,8,7,7,8,6
471,6,7,7,7,8,8
472,6,7,7,6,7,7
473,7,7,7,7,8,7
474,7,8,7,7,7,7
475,8,8,7,8,8,6
476,6,6,6,6,6,7
477,6,7,6,6,6,4
478,6,6,8,7,7,7
479,8,8,7,8,8,6
480,9,9,6,9,10,7
481,4,2,4,7,7,5
482,7,7,7,7,7,8
483,8,8,5,9,9,8
484,6,6,6,7,6,6
485,9,9,6,9,9,7
486,7,6,7,7,7,7
487,6,7,7,7,8,7
488,5,5,5,5,5,6
489,8,8,6,8,8,6
490,7,7,6,6,6,7
491,7,8,6,7,5,5
492,5,3,5,6,6,5
493,7,8,6,8,8,8
494,7,7,6,7,6,6
495,8,8,5,8,8,7
496,9,8,5,8,8,7
497,8,8,7,9,9,6
498,9,9,6,7,8,8
499,7,7,7,7,6,5
500,8,8,7,7,8,6
501,6,6,5,7,7,7
502,6,8,5,7,8,6
503,6,6,8,7,7,8
504,8,8,7,9,9,8
505,7,7,7,7,7,7
506,7,6,7,7,8,7
507,8,8,6,8,8,8
508,5,6,7,7,7,7
509,6,6,5,7,7,6
510,1,5,4,9,9,8
511,7,7,7,8,8,9
512,6,7,7,7,7,5
513,5,4,5,5,5,5
514,6,6,6,8,8,7
515,7,7,6,7,6,6
516,7,7,8,7,8,7
517,8,8,6,8,8,8
518,8,9,6,8,8,9
519,7,8,6,8,8,3
520,9,9,7,9,10,8
521,5,5,5,5,6,7
522,6,6,6,8,8,7
523,5,5,5,5,1,6
524,5,7,6,6,7,7
525,7,8,6,6,5,8
526,6,5,4,6,3,6
527,7,5,7,7,8,5
528,9,9,4,3,5,5
529,8,8,4,9,9,7
530,6,6,5,7,7,7
531,8,7,7,6,7,8
532,5,6,5,4,1,5
533,6,6,5,7,7,8
534,8,8,5,6,9,8
535,8,8,6,8,8,7
536,6,4,4,8,2,4
537,8,8,7,7,8,7
538,7,7,7,8,6,6
539,7,7,7,7,7,8
540,5,4,6,6,5,4
541,6,7,7,7,7,5
542,7,7,6,8,7,8
543,8,7,6,6,7,7
544,4,5,6,6,6,6
545,9,9,6,10,9,8
546,7,7,5,8,7,8
547,7,5,6,4,6,7
548,8,8,4,9,10,8
549,8,9,9,10,9,8
550,6,6,5,7,7,5
551,7,7,6,6,7,6
552,8,9,7,9,10,6
553,9,9,8,10,8,5
554,5,5,6,6,7,6
555,7,5,6,6,7,7
556,8,8,7,10,10,8
557,8,7,7,8,8,6
558,7,7,7,7,7,7
559,7,8,7,9,9,7
560,7,9,7,8,9,8
561,8,9,7,10,10,8
562,8,8,7,8,8,6
563,8,7,7,8,9,7
564,3,5,6,6,5,5
565,7,6,6,9,8,4
566,8,5,7,8,8,6
567,5,5,5,6,5,7
568,4,4,4,5,5,4
569,8,8,5,8,8,8
570,5,4,5,6,5,7
571,5,5,5,5,6,4
572,7,8,6,7,8,6
573,8,9,6,5,2,7
574,6,5,4,7,7,5
575,7,8,7,7,6,8
576,6,4,5,5,4,5
577,6,6,6,5,4,6
578,8,8,6,6,5,7
579,8,9,7,9,9,7
580,5,6,6,6,8,6
581,8,5,6,4,7,5
582,5,5,5,4,6,5
583,8,9,5,10,9,7
584,4,7,4,5,6,4
585,8,8,7,9,6,7
586,9,9,8,9,9,8
587,4,4,6,7,6,4
588,6,6,6,7,7,6
589,8,7,6,6,8,5
590,7,8,6,7,7,7
591,6,5,6,4,5,7
592,8,8,7,8,7,8
593,7,7,6,7,8,7
594,7,7,6,5,6,6
595,4,5,4,5,4,4
596,7,7,7,8,7,5
597,8,7,7,6,7,6
598,8,7,6,8,8,7
599,5,6,5,5,6,5
600,6,5,3,6,6,6
601,8,5,8,8,8,5
602,8,6,7,9,9,7
603,7,7,7,8,9,6
604,8,8,7,8,8,8
605,8,8,7,10,10,7
606,7,6,7,6,7,5
607,7,8,8,7,7,7
608,5,6,5,6,6,8
609,8,8,7,7,8,7
610,6,5,6,7,6,6
611,5,6,5,4,5,6
612,7,6,5,8,7,6
613,4,5,6,7,6,5
614,8,7,7,9,9,7
615,5,5,4,5,4,7
616,9,9,7,9,9,7
617,9,9,8,9,9,8
618,8,8,8,7,7,7
619,8,8,7,6,7,7
620,7,7,6,6,6,7
621,5,5,6,8,7,5
622,7,6,7,4,5,6
623,8,8,6,8,9,7
624,8,8,6,8,8,7
625,6,5,5,6,7,6
626,6,6,4,5,5,7
627,7,7,7,7,8,6
628,9,4,5,9,10,5
629,7,6,7,8,7,6
630,8,8,6,7,8,4
631,4,5,6,6,6,5
632,7,8,6,8,8,6
633,7,8,5,7,6,6
634,7,6,5,6,8,6
635,6,3,5,5,7,7
636,6,6,6,6,8,7
637,7,6,8,7,7,4
638,8,9,7,10,8,9
639,6,7,5,6,6,6
640,8,7,6,10,10,8
641,6,5,6,7,5,6
642,4,5,5,4,4,6
643,7,9,7,5,6,6
644,9,9,7,10,9,6
645,6,6,7,8,7,5
646,5,5,6,5,6,7
647,9,8,7,10,9,8
648,4,9,3,7,9,7
649,7,7,6,8,9,5
650,5,5,7,5,6,6
651,7,8,5,7,8,6
652,8,8,7,9,7,8
653,6,4,7,6,6,5
654,7,7,7,8,7,6
655,6,6,6,6,6,6
656,5,6,6,7,7,5
657,9,9,6,8,8,8
658,8,8,7,9,9,8
659,6,6,6,6,5,5
660,7,3,6,6,5,5
661,8,8,6,8,8,8
662,6,5,4,6,4,6
663,9,9,7,8,10,8
664,8,8,5,7,6,7
665,6,5,5,8,8,7
666,9,9,7,9,10,8
667,8,8,6,7,9,6
668,7,7,6,5,8,7
669,6,7,8,9,9,6
670,6,6,7,8,9,5
671,5,5,6,7,6,7
672,8,7,8,10,9,7
673,7,7,7,7,8,7
674,8,7,8,8,7,8
675,8,7,5,3,2,7
676,7,7,7,7,8,7
677,8,8,5,3,2,7
678,6,6,6,6,6,7
679,8,8,5,2,2,7
680,6,7,6,7,7,7
681,5,4,6,5,6,7
682,7,7,7,7,8,7
683,6,6,7,7,6,7
684,7,7,7,7,7,8
685,7,7,7,6,7,7
686,7,8,4,3,4,7
687,8,8,6,8,8,6
688,8,8,5,3,2,7
689,8,8,6,8,8,7
690,4,5,6,5,5,7
691,7,7,7,8,8,7
692,6,7,7,7,7,7
693,7,7,6,8,8,6
694,4,4,5,7,5,4
695,6,6,6,5,6,5
696,5,7,6,6,6,4
697,5,3,4,4,4,3
698,7,6,6,5,6,5
699,4,4,5,6,4,4
700,8,8,7,8,9,6
701,7,7,7,7,8,7
702,6,7,7,7,7,6
703,7,7,7,9,8,6
704,5,5,6,8,8,5
705,5,5,5,5,6,5
706,6,7,6,7,7,6
707,8,8,8,6,6,7
708,6,5,5,5,1,5
709,4,5,6,5,6,6
710,8,8,6,7,6,7
711,7,8,7,8,8,7
712,8,8,7,7,7,6
713,8,8,4,9,9,7
714,7,8,7,7,7,8
715,9,9,7,9,10,7
716,6,7,7,7,6,7
717,7,6,6,9,8,6
718,5,6,5,6,6,4
719,7,6,6,6,7,6
720,9,8,8,10,10,7
721,7,6,5,6,6,6
722,7,7,5,7,7,5
723,8,8,8,7,7,6
724,8,8,5,8,8,7
725,6,6,5,7,7,7
726,8,8,7,8,8,8
727,8,8,5,8,8,8
728,9,8,7,9,9,9
729,8,8,5,7,8,7
730,8,8,6,7,7,8
731,6,6,5,6,6,7
732,7,8,6,8,8,6
733,5,5,5,5,6,6
734,5,4,8,5,6,6
735,8,5,6,6,7,6
736,8,8,6,8,9,7
737,6,5,5,7,6,7
738,8,9,8,9,10,7
739,6,7,6,4,7,7
740,6,5,5,4,6,5
741,6,7,6,6,7,7
742,5,2,5,6,6,5
743,6,5,6,6,5,5
744,6,5,5,7,6,7
745,7,7,7,7,6,7
746,9,8,7,10,10,6
747,7,6,6,7,6,7
748,8,8,6,9,9,7
749,7,7,7,7,8,6
750,6,7,4,7,7,7
751,6,5,4,6,5,7
752,8,8,7,8,8,6
753,8,8,7,7,9,8
754,6,6,7,4,6,7
755,5,6,5,5,5,5
756,6,6,6,6,6,7
757,6,4,5,5,6,8
758,6,7,6,7,7,5
759,6,6,6,6,6,6
760,6,5,6,5,4,6
761,9,9,7,9,9,7
762,5,5,4,6,6,6
763,7,7,6,10,9,8
764,8,7,5,9,9,6
765,9,9,8,9,9,6
766,4,4,5,6,6,6
767,8,8,8,7,7,8
768,5,5,5,7,6,5
769,7,7,4,7,6,6
770,7,8,6,4,4,5
771,7,7,5,7,7,6
772,6,7,6,7,7,7
773,6,7,6,7,6,3
774,4,3,3,9,4,6
775,8,8,8,7,7,6
776,7,7,6,8,8,8
777,6,6,7,7,6,6
778,7,7,7,7,7,6
779,7,7,6,7,6,6
780,7,6,6,8,8,6
781,7,5,6,7,7,4
782,6,6,6,7,7,5
783,7,7,7,7,7,7
784,6,6,6,8,6,4
785,6,7,6,6,6,6
786,8,9,6,7,8,5
787,6,5,4,7,6,5
788,7,8,6,7,8,8
789,7,7,6,7,8,8
790,7,7,6,6,6,8
791,8,8,6,6,3,6
792,6,6,6,8,6,9
793,7,6,5,6,7,7
794,7,7,5,8,8,8
795,7,6,6,7,8,7
796,6,7,6,8,8,7
797,8,8,7,7,7,8
798,6,6,7,8,7,8
799,7,8,7,7,8,8
800,9,9,6,7,6,6
801,6,6,6,8,8,5
802,7,7,7,7,7,6
803,7,7,8,7,7,7
804,7,7,8,8,7,4
805,7,7,7,8,8,7
806,5,5,6,8,5,7
807,7,7,7,7,7,5
808,9,8,6,9,8,7
809,7,6,7,7,7,4
810,7,6,7,7,7,5
811,9,5,8,7,8,4
812,7,8,7,7,6,7
813,7,6,6,10,9,6
814,8,8,7,8,8,8
815,6,7,7,6,7,6
816,6,7,6,6,7,5
817,6,5,4,5,6,4
818,8,8,7,9,8,5
819,5,5,5,4,7,5
820,6,5,5,6,7,7
821,9,9,7,6,6,6
822,8,5,7,6,7,5
823,9,8,6,8,7,5
824,6,6,7,7,8,6
825,6,6,7,5,6,4
826,8,8,5,9,9,8
827,7,7,6,8,7,8
828,8,8,7,8,8,5
829,7,8,7,7,7,6
830,7,7,7,8,8,7
831,6,6,6,6,6,7
832,8,8,6,8,7,6
833,6,6,5,6,6,6
834,7,7,8,7,7,8
835,6,6,5,6,6,7
836,7,7,8,7,7,8
837,8,9,7,7,8,7
838,8,8,7,7,8,7
839,7,7,7,8,7,6
840,6,6,6,6,7,6
841,8,8,7,8,6,8
842,5,5,6,6,6,6
843,8,8,6,9,7,9
844,8,8,7,8,8,7
845,6,6,6,6,6,4
846,6,6,6,6,6,3
847,6,7,6,6,7,6
848,6,6,7,6,5,6
849,6,6,7,7,7,6
850,8,8,8,9,9,5
851,7,8,7,8,8,7
852,7,7,8,7,8,6
853,5,5,5,6,6,7
854,8,8,7,8,9,5
855,7,7,7,7,8,7
856,6,6,7,6,5,7
857,7,7,6,7,7,7
858,6,6,6,6,6,7
859,4,4,5,5,4,6
860,8,7,7,8,8,6
861,7,7,6,4,3,8
862,6,7,7,7,7,7
863,8,8,8,9,8,6
864,6,6,7,6,6,7
865,7,7,7,8,7,7
866,7,7,6,7,7,7
867,5,5,6,6,6,5
868,7,6,7,7,7,6
869,6,7,6,7,8,7
870,7,7,7,8,7,7
871,8,8,8,8,8,7
872,8,7,7,8,7,6
873,7,8,7,9,7,7
874,8,8,6,8,7,6
875,7,8,7,8,7,7
876,7,6,6,7,7,6
877,8,8,8,8,8,8
878,8,7,7,8,8,5
879,7,7,6,8,7,5
880,7,8,7,7,6,7
881,8,8,7,8,7,8
882,7,7,7,7,6,7
883,7,7,7,7,7,5
884,7,7,7,6,7,4
885,7,7,7,8,8,5
886,8,7,6,8,7,6
887,7,7,7,8,8,7
888,7,7,7,8,6,6
889,7,8,6,8,7,7
890,7,6,6,8,7,7
891,8,7,6,8,6,6
892,8,8,7,8,8,8
893,8,7,6,8,8,7
894,7,6,7,8,8,7
895,7,7,6,8,7,7
896,5,5,6,6,6,7
897,6,6,6,7,7,5
898,4,4,4,5,4,4
899,8,8,7,9,8,6
900,5,5,4,5,5,6
901,6,6,6,7,6,5
902,8,8,5,6,8,7
903,8,8,6,8,7,7
904,7,7,6,7,8,6
905,4,5,6,5,4,6
906,8,8,7,7,8,8
907,7,6,7,5,6,6
908,7,8,6,8,8,6
909,8,8,6,9,7,8
910,8,6,7,5,7,6
911,6,6,5,5,6,6
912,9,9,7,10,9,5
913,4,5,4,7,6,6
914,5,5,5,6,5,7
915,8,8,6,7,8,6
916,7,7,7,7,7,6
917,8,8,7,7,7,8
918,7,7,6,7,6,5
919,7,5,5,7,7,6
920,8,8,7,7,8,7
921,7,7,6,7,7,6
922,8,8,6,8,9,7
923,6,5,6,10,7,7
924,7,8,8,8,6,8
925,7,7,4,7,7,5
926,7,7,4,7,5,6
927,8,8,7,8,8,7
928,9,9,6,10,10,9
929,9,9,6,9,10,6
930,7,7,6,6,6,4
931,6,6,5,6,6,7
932,8,7,5,6,6,7
933,7,8,7,7,7,7
934,8,9,7,7,7,5
935,8,9,5,9,9,6
936,7,7,6,6,7,6
937,9,9,7,8,7,8
938,9,9,8,10,4,6
939,5,5,4,5,6,7
940,8,8,7,8,5,7
941,9,9,6,7,6,6
942,5,6,4,8,8,6
943,8,7,6,7,8,7
944,7,7,6,7,7,7
945,6,5,6,3,4,7
946,8,8,7,7,8,6
947,6,7,5,7,6,7
948,6,8,6,6,7,4
949,8,8,6,8,8,7
950,6,6,5,7,5,7
951,8,8,5,8,9,6
952,7,8,8,7,8,7
953,8,8,5,9,9,8
954,8,7,6,6,6,7
955,7,8,6,9,8,7
956,8,8,6,8,8,5
957,7,6,6,7,6,5
958,7,7,6,6,6,5
959,6,6,6,8,7,6
960,7,7,3,7,4,6
961,6,6,6,7,8,5
962,7,8,6,7,7,6
963,8,9,5,9,8,7
964,8,8,7,8,9,8
965,7,7,5,7,6,6
966,8,7,7,7,8,6
967,5,5,4,6,6,5
968,7,9,6,6,7,5
969,6,6,3,6,6,5
970,6,8,8,7,7,6
971,7,7,6,7,7,7
972,7,7,6,7,7,6
973,8,8,5,7,6,7
974,8,8,6,9,8,7
975,8,9,6,6,7,8
976,6,9,6,4,9,5
977,7,8,7,7,7,6
978,7,8,8,7,8,7
979,9,9,7,10,10,7
980,8,7,5,8,8,8
981,9,9,7,9,9,6
982,8,8,7,7,7,8
983,9,9,8,10,10,8
984,6,6,5,5,6,7
985,8,8,7,9,10,8
986,7,7,6,7,8,6
987,9,9,6,10,10,8
988,7,7,6,8,7,5
989,5,7,5,7,6,5
990,7,8,7,8,8,7
991,8,9,4,6,10,6
992,8,7,6,7,8,7
993,6,4,7,3,6,5
994,8,8,7,8,8,8
995,8,8,7,7,8,6
996,7,5,7,8,8,8
997,6,8,7,6,7,6
998,7,7,5,7,7,6
999,8,9,7,9,9,6
1000,9,9,9,10,9,8
1001,7,8,7,9,9,8
1002,8,8,6,8,8,7
1003,7,6,7,8,8,7
1004,7,8,6,6,6,7
1005,8,8,6,8,8,7
1006,7,5,5,5,7,7
1007,8,8,7,8,8,7
1008,8,8,7,8,8,7
1009,7,7,6,7,7,7
1010,5,5,5,6,7,7
1011,9,9,6,5,1,6
1012,5,5,4,6,6,6
1013,8,8,8,8,8,7
1014,8,8,7,8,7,7
1015,7,7,6,6,7,5
1016,6,6,5,5,5,5
1017,6,7,6,8,8,5
1018,6,8,5,7,7,6
1019,7,7,7,8,8,6
1020,8,8,6,8,8,7
1021,5,4,5,6,6,6
1022,9,9,8,10,10,7
1023,9,9,7,10,9,8
1024,8,7,6,10,10,7
1025,8,8,6,8,8,9
1026,6,6,5,7,8,6
1027,8,9,8,8,8,6
1028,8,8,6,8,8,6
1029,7,7,7,6,6,5
1030,8,8,6,8,5,6
1031,7,7,8,6,6,6
1032,5,5,5,6,6,6
1033,7,7,6,8,8,4
1034,6,5,5,8,1,6
1035,6,6,7,7,7,6
1036,7,6,6,7,7,6
1037,7,7,7,8,8,8
1038,6,6,5,6,7,8
1039,7,8,6,8,8,6
1040,9,9,3,9,9,6
1041,7,5,5,6,6,5
1042,7,7,7,7,7,7
1043,6,5,6,5,5,6
1044,8,8,7,9,9,8
1045,7,8,8,7,5,6
1046,7,7,8,7,3,6
1047,7,7,6,7,8,7
1048,7,7,5,6,6,5
1049,7,7,7,7,6,6
1050,9,9,8,8,10,7
1051,7,6,5,7,6,7
1052,8,6,6,7,6,6
1053,4,5,6,6,6,7
1054,8,7,7,9,8,6
1055,8,8,7,9,9,8
1056,7,6,7,8,9,7
1057,7,7,7,7,5,6
1058,6,6,7,7,5,7
1059,6,6,5,7,7,6
1060,7,7,7,7,8,7
1061,6,7,6,7,7,6
1062,7,8,7,8,6,8
1063,7,8,6,6,8,6
1064,7,5,7,6,6,5
1065,7,7,6,8,8,8
1066,8,8,7,8,8,7
1067,6,6,5,7,6,7
1068,8,8,7,8,8,7
1069,6,7,5,5,5,6
1070,7,7,5,8,8,5
1071,9,9,5,10,10,7
1072,8,8,6,6,7,7
1073,7,6,6,8,9,8
1074,9,9,6,9,9,8
1075,8,8,8,9,8,8
1076,9,9,8,9,10,8
1077,8,8,6,4,1,8
1078,6,6,6,7,6,7
1079,7,7,6,7,7,7
1080,7,6,8,7,6,6
1081,7,8,7,8,8,5
1082,7,7,6,7,7,7
1083,8,8,5,4,1,8
1084,6,6,6,7,6,6
1085,8,8,7,8,9,6
1086,8,8,8,9,9,9
1087,6,7,6,8,8,7
1088,7,7,7,8,8,7
1089,6,6,7,6,6,6
1090,8,8,6,8,8,7
1091,8,8,8,9,7,9
1092,5,5,6,5,5,6
1093,8,8,9,8,8,8
1094,2,1,7,8,8,6
1095,9,9,7,9,9,7
1096,8,8,6,6,1,8
1097,8,8,7,8,8,5
1098,5,4,6,6,5,4
1099,9,6,8,8,8,8
1100,7,7,7,7,7,7
1101,8,8,7,8,8,9
1102,7,8,6,7,7,6
1103,1,1,7,2,3,6
1104,8,7,5,6,6,9
1105,7,7,6,6,6,7
1106,5,5,5,5,5,5
1107,6,7,7,7,7,6
1108,6,6,5,5,7,6
1109,8,8,8,8,9,8
1110,8,8,9,8,9,8
1111,5,6,7,6,5,5
1112,8,8,6,8,8,9
1113,9,7,6,9,9,8
1114,8,8,7,8,9,6
1115,7,7,6,9,6,6
1116,6,6,4,6,6,6
1117,7,7,7,6,7,6
1118,2,0,5,6,5,6
1119,9,8,8,9,8,8
1120,8,8,6,7,8,9
1121,8,7,5,7,7,5
1122,9,9,5,10,10,9
1123,9,9,7,10,10,8
1124,7,7,7,7,8,7
1125,7,8,7,7,7,6
1126,8,8,6,8,7,7
1127,5,4,5,5,5,5
1128,7,5,6,9,8,7
1129,9,9,6,10,10,8
1130,6,5,5,6,6,6
1131,3,4,6,6,6,4
1132,7,8,6,7,7,7
1133,6,5,7,5,7,6
1134,6,6,5,7,6,6
1135,7,8,6,7,8,7
1136,6,6,6,7,8,6
1137,8,5,7,8,8,6
1138,7,7,8,8,6,7
1139,5,4,4,5,6,5
1140,5,4,6,6,6,6
1141,7,7,5,8,7,7
1142,9,9,5,9,10,7
1143,7,6,6,7,9,8
1144,8,7,8,5,8,5
1145,8,9,7,8,9,8
1146,8,9,5,9,8,9
1147,4,9,8,7,10,4
1148,8,8,6,6,7,5
1149,7,6,6,7,8,8
1150,8,9,8,10,10,5
1151,8,7,6,9,7,5
1152,7,8,8,8,7,6
1153,7,7,6,6,4,7
1154,7,8,6,7,10,6
1155,8,8,6,9,7,6
1156,7,8,7,8,8,6
1157,8,7,7,7,7,7
1158,6,6,5,6,6,6
1159,8,7,5,8,9,7
1160,7,8,6,8,8,7
1161,8,9,6,6,7,5
1162,9,9,6,9,9,8
1163,7,7,6,8,7,7
1164,6,5,6,8,7,5
1165,7,7,7,5,9,6
1166,5,5,5,6,6,7
1167,6,6,6,5,7,6
1168,5,5,4,4,6,5
1169,6,7,7,6,7,7
1170,7,8,7,5,7,6
1171,8,8,8,8,8,6
1172,9,9,6,9,10,7
1173,8,7,5,7,5,6
1174,6,4,6,7,6,5
1175,8,9,6,8,8,7
1176,7,7,6,7,7,6
1177,7,6,5,7,6,5
1178,8,7,8,7,7,6
1179,8,7,7,9,9,6
1180,7,7,6,7,7,5
1181,7,7,6,6,7,7
1182,6,6,8,6,7,7
1183,8,8,9,9,9,9
1184,8,8,9,9,9,9
1185,7,7,6,6,6,7
1186,7,7,6,7,7,8
1187,6,7,4,7,7,6
1188,8,8,9,9,9,8
1189,7,7,6,7,6,7
1190,7,7,7,7,6,7
1191,8,8,9,9,9,8
1192,6,7,6,7,7,7
1193,8,8,9,8,9,8
1194,8,8,9,8,8,8
1195,6,6,6,6,6,7
1196,7,5,6,6,5,8
1197,7,7,6,8,6,8
1198,7,8,8,7,7,7
1199,7,8,8,8,8,7
1200,7,7,7,8,9,7
1201,9,9,7,6,8,7
1202,6,7,5,6,6,6
1203,8,8,8,8,7,8
1204,6,6,5,6,4,5
1205,8,8,6,5,1,7
1206,7,7,6,5,7,6
1207,6,5,6,5,6,6
1208,7,7,7,8,8,5
1209,9,8,6,8,6,7
1210,9,9,7,9,10,8
1211,7,6,3,6,6,6
1212,6,6,5,6,6,6
1213,8,8,7,9,8,7
1214,6,6,6,7,7,6
1215,6,7,7,7,8,6
1216,8,9,6,8,8,5
1217,8,8,5,4,1,8
1218,7,7,7,8,8,7
1219,8,8,5,4,1,9
1220,7,7,7,6,7,6
1221,9,8,6,8,8,5
1222,7,7,8,8,7,6
1223,8,8,6,8,8,5
1224,8,8,7,8,8,7
1225,9,9,6,8,8,6
1226,7,7,6,7,7,7
1227,8,7,6,7,8,7
1228,9,9,6,8,8,6
1229,8,8,6,8,8,7
1230,9,9,7,9,10,5
1231,8,8,6,9,8,7
1232,6,7,7,7,7,5
1233,7,6,6,7,7,4
1234,4,5,6,5,7,6
1235,7,7,7,6,9,5
1236,5,4,5,7,5,5
1237,7,5,6,7,7,7
1238,7,8,7,8,7,7
1239,9,9,7,8,8,8
1240,9,9,9,10,10,9
1241,7,6,6,6,6,6
1242,6,5,7,6,6,5
1243,8,7,6,9,8,7
1244,9,9,7,9,9,9
1245,6,7,7,7,7,6
1246,6,6,5,5,6,7
1247,5,5,6,7,6,7
1248,7,8,7,8,8,6
1249,9,9,7,10,8,7
1250,5,6,6,6,5,5
1251,6,5,5,9,7,4
1252,8,8,8,8,9,5
1253,8,8,6,7,7,6
1254,7,7,6,7,7,7
1255,9,9,7,8,8,7
1256,7,8,6,6,7,8
1257,6,5,7,5,5,6
1258,8,7,8,8,8,7
1259,7,7,6,7,6,7
1260,7,7,6,6,8,7
1261,6,6,6,7,8,7
1262,9,9,8,9,10,8
1263,6,6,6,7,7,5
1264,6,7,6,5,4,4
1265,8,8,6,9,9,7
1266,8,8,4,9,9,6
1267,8,8,6,8,8,8
1268,6,7,5,6,7,5
1269,9,8,6,7,6,6
1270,8,8,6,7,8,7
1271,6,6,7,5,6,5
1272,9,9,7,8,7,8
1273,7,8,6,6,8,7
1274,7,8,7,8,9,7
1275,7,4,6,6,6,7
1276,9,8,5,10,7,6
1277,5,7,6,5,7,5
1278,6,6,6,7,7,5
1279,7,8,7,8,8,6
1280,7,5,6,7,3,6
1281,8,8,6,7,7,8
1282,7,8,6,8,7,7
1283,6,7,6,7,7,6
1284,7,8,6,8,8,7
1285,5,6,5,5,6,7
1286,8,8,7,7,8,8
1287,6,7,5,5,5,6
1288,7,8,7,7,6,5
1289,7,5,5,6,6,7
1290,6,6,7,5,5,6
1291,6,5,5,7,1,6
1292,5,4,6,6,6,5
1293,5,6,4,6,3,4
1294,8,8,6,7,7,8
1295,8,8,7,9,9,7
1296,7,8,5,6,8,7
1297,7,8,5,6,7,7
1298,7,7,6,8,8,8
1299,7,7,7,5,5,6
1300,7,7,6,7,7,6
1301,5,5,5,6,6,6
1302,8,9,6,8,8,7
1303,8,8,7,9,8,5
1304,5,5,4,6,5,5
1305,9,9,10,10,10,8
1306,8,9,5,8,10,8
1307,5,5,6,6,8,5
1308,5,2,6,6,6,5
1309,8,8,7,9,9,7
1310,3,4,7,6,6,6
1311,7,7,6,5,6,8
1312,8,7,6,7,6,8
1313,8,7,6,7,5,7
1314,9,9,7,9,10,7
1315,9,9,6,10,10,7
1316,9,8,8,9,9,7
1317,9,9,7,10,10,6
1318,8,8,7,9,8,6
1319,8,9,8,8,8,6
1320,7,8,7,5,3,7
1321,8,8,6,7,6,6
1322,7,7,5,8,8,8
1323,9,9,8,10,10,7
1324,8,8,6,8,8,7
1325,8,8,6,8,7,7
1326,5,5,4,6,6,6
1327,7,8,6,6,8,8
1328,8,8,6,7,8,6
1329,6,6,5,6,6,6
1330,5,5,6,6,6,6
1331,8,8,4,8,8,6
1332,6,7,5,6,5,6
1333,8,8,6,7,8,7
1334,8,8,7,8,9,7
1335,9,9,7,8,8,7
1336,7,7,6,7,7,7
1337,6,6,5,6,4,5
1338,8,8,7,9,9,8
1339,7,7,7,7,7,6
1340,6,7,6,7,7,6
1341,8,9,5,7,9,6
1342,8,8,6,9,8,6
1343,8,8,8,9,8,7
1344,7,7,7,8,7,7
1345,7,8,7,8,9,7
1346,8,9,8,10,8,9
1347,5,5,5,5,6,7
1348,7,7,6,7,7,6
1349,8,8,7,8,8,8
1350,6,4,6,7,7,6
1351,8,8,8,8,9,6
1352,6,4,5,6,4,6
1353,8,9,7,7,9,6
1354,5,4,6,5,5,6
1355,6,6,6,6,5,5
1356,8,8,7,9,8,8
1357,8,8,7,6,8,6
1358,8,7,6,7,7,7
1359,9,9,7,9,9,6
1360,8,8,7,8,9,7
1361,9,9,7,8,9,8
1362,9,8,7,8,9,7
1363,8,8,6,7,8,7
1364,8,5,6,7,10,6
1365,8,7,7,7,8,6
1366,6,6,6,7,7,7
1367,8,8,6,9,9,4
1368,5,5,6,5,5,6
1369,8,8,8,9,9,9
1370,8,8,6,7,7,7
1371,7,7,7,8,7,6
1372,8,8,7,5,7,6
1373,5,6,6,6,6,7
1374,8,8,7,9,8,7
1375,7,8,6,10,9,6
1376,6,6,7,6,6,6
1377,8,7,6,5,7,7
1378,8,8,8,9,9,7
1379,8,9,6,8,9,7
1380,8,8,7,6,7,7
1381,8,9,4,9,10,8
1382,7,8,7,6,7,5
1383,8,8,7,8,8,7
1384,8,8,7,6,7,7
1385,8,6,6,8,7,5
1386,8,9,8,9,9,8
1387,6,6,7,6,6,6
1388,8,9,7,9,8,7
1389,9,9,6,8,8,5
1390,7,7,6,6,7,7
1391,9,9,6,8,8,4
1392,8,9,9,9,10,9
1393,6,6,7,6,6,7
1394,9,9,7,9,8,5
1395,7,7,6,8,7,7
1396,9,9,6,7,7,5
1397,8,8,7,8,8,7
1398,7,7,6,7,7,9
1399,9,9,7,6,8,7
1400,9,9,6,9,8,6
1401,9,9,9,10,10,8
1402,8,7,7,7,7,8
1403,9,9,6,7,6,5
1404,8,8,8,8,8,8
1405,9,9,7,8,8,5
1406,9,9,9,10,10,9
1407,8,8,8,8,7,7
1408,8,5,7,8,7,6
1409,7,7,5,7,7,8
1410,7,9,5,4,6,7
1411,7,6,5,7,6,7
1412,7,8,6,7,7,7
1413,7,7,5,4,1,8
1414,6,6,6,7,7,7
1415,7,6,6,7,7,7
1416,7,8,7,7,8,7
1417,8,8,5,5,3,9
1418,7,7,6,7,6,7
1419,8,8,5,5,1,8
1420,6,6,7,8,7,6
1421,7,7,7,7,8,6
1422,8,4,4,4,5,6
1423,8,8,6,9,9,8
1424,7,7,6,7,7,7
1425,5,5,3,7,7,4
1426,8,8,6,8,8,8
1427,6,7,6,7,7,6
1428,8,8,7,7,7,6
1429,6,7,6,7,7,7
1430,8,7,7,7,7,6
1431,8,8,6,8,7,6
1432,8,7,7,6,7,6
1433,9,9,5,10,9,8
1434,9,9,8,8,9,8
1435,8,8,8,9,9,7
1436,9,9,6,10,8,7
1437,6,7,6,5,8,6
1438,5,5,6,4,5,5
1439,5,7,5,4,5,4
1440,8,8,7,7,8,8
1441,7,8,7,7,8,6
1442,8,8,8,9,9,8
1443,6,6,5,7,7,5
1444,6,6,6,7,7,5
1445,6,6,6,5,6,6
1446,7,7,7,8,8,6
1447,5,5,4,6,6,6
1448,6,8,7,7,7,5
1449,8,8,8,7,7,6
1450,8,7,6,7,8,6
1451,9,9,8,7,7,7
1452,8,8,7,7,8,7
1453,6,6,5,7,4,7
1454,9,9,7,10,10,6
1455,6,6,7,6,7,6
1456,4,3,5,5,5,5
1457,5,5,6,5,5,5
1458,9,9,5,10,10,8
1459,5,5,4,6,6,6
1460,8,8,5,5,7,8
1461,9,9,7,7,8,7
1462,7,7,6,8,8,6
1463,7,8,6,6,7,7
1464,7,6,6,7,8,6
1465,7,4,5,7,6,6
1466,9,9,7,7,8,8
1467,7,8,6,7,8,7
1468,9,9,7,7,9,8
1469,7,7,7,6,6,6
1470,7,6,7,7,6,6
1471,7,6,6,7,6,7
1472,8,9,6,9,9,7
1473,7,7,6,8,8,7
1474,7,7,6,9,8,4
1475,6,6,6,7,7,6
1476,6,6,5,6,5,8
1477,7,6,6,7,7,8
1478,5,5,5,7,6,5
1479,8,8,7,5,3,6
1480,7,8,6,9,9,6
1481,7,6,8,7,8,4
1482,4,0,5,5,1,6
1483,6,6,6,8,6,5
1484,6,6,6,6,6,6
1485,6,6,6,8,7,6
1486,9,9,9,10,9,8
1487,6,5,6,6,4,6
1488,6,7,6,6,6,3
1489,7,7,7,5,5,5
1490,6,7,6,4,7,6
1491,7,7,7,6,6,7
1492,8,9,7,8,9,7
1493,6,7,6,7,6,5
1494,8,7,7,8,8,5
1495,7,8,5,4,3,6
1496,6,7,6,7,7,7
1497,8,9,7,7,8,7
1498,6,6,5,5,6,5
1499,7,7,5,5,8,6
1500,8,8,5,7,7,7
1501,7,9,4,8,10,7
1502,7,5,5,6,6,6
1503,5,6,6,6,7,6
1504,8,8,5,4,1,8
1505,7,7,7,8,7,6
1506,8,7,7,7,7,8
1507,7,7,5,7,8,8
1508,9,9,7,8,8,6
1509,9,8,7,9,9,6
1510,7,7,8,6,6,7
1511,9,9,6,6,8,8
1512,8,8,7,9,8,6
1513,7,8,6,9,9,7
1514,8,8,8,9,9,8
1515,7,7,7,8,8,7
1516,8,8,8,8,8,7
1517,8,8,6,3,1,8
1518,7,7,6,7,7,6
1519,7,7,6,7,7,8
1520,9,9,8,8,9,6
1521,7,7,6,7,6,6
1522,9,9,6,8,8,5
1523,7,7,6,7,7,7
1524,6,6,7,7,6,5
1525,8,8,6,7,8,8
1526,8,8,5,8,8,8
1527,8,8,7,9,10,8
1528,6,6,6,5,5,7
1529,7,6,6,8,8,6
1530,9,9,8,9,10,9
1531,7,7,6,7,8,9
1532,8,8,5,5,1,8
1533,9,9,7,8,10,7
1534,9,9,5,9,9,5
1535,9,9,6,10,10,7
1536,8,8,7,8,8,8
1537,8,8,9,8,9,5
1538,5,5,5,6,6,6
1539,7,6,7,7,6,5
1540,7,6,6,7,8,7
1541,5,4,6,6,6,5
1542,6,6,5,7,6,5
1543,6,6,6,7,7,5
1544,5,6,7,6,6,7
1545,7,6,6,7,4,7
1546,2,3,7,6,7,6
1547,7,7,6,8,8,5
1548,6,6,5,5,5,6
1549,8,7,5,6,8,5
1550,7,7,7,7,7,5
1551,6,5,5,6,6,4
1552,8,8,4,7,7,8
1553,9,9,8,9,9,6
1554,5,5,5,6,6,5
1555,8,8,6,9,8,8
1556,2,0,6,2,1,4
1557,8,8,6,8,8,6
1558,5,5,6,6,6,8
1559,8,6,6,4,4,8
1560,7,7,7,7,6,7
1561,6,6,7,6,6,5
1562,7,7,5,7,7,7
1563,6,6,6,6,6,6
1564,8,8,8,9,9,9
1565,7,7,7,7,7,6
1566,7,7,8,8,8,8
1567,7,8,7,8,9,6
1568,7,7,6,7,7,7
1569,6,7,7,6,6,7
1570,6,6,7,7,6,6
1571,7,7,6,7,5,6
1572,7,7,6,6,6,6
1573,7,7,7,8,7,7
1574,7,7,6,7,5,7
1575,7,7,8,8,8,7
1576,6,5,6,6,6,6
1577,7,7,6,7,7,7
1578,7,7,6,7,7,6
1579,7,5,7,7,6,6
1580,6,6,6,7,6,6
1581,8,8,8,9,9,7
1582,8,8,6,6,1,8
1583,7,7,7,8,7,6
1584,6,6,7,6,7,5
1585,7,7,5,5,1,8
1586,9,9,7,10,9,9
1587,7,7,4,7,1,8
1588,7,7,7,7,7,6
1589,6,6,8,7,7,4
1590,7,7,4,6,1,8
1591,7,7,6,7,6,6
1592,7,7,7,7,7,6
1593,7,7,7,7,7,6
1594,9,9,7,10,10,8
1595,6,6,7,7,7,5
1596,7,7,6,7,6,6
1597,6,7,6,8,8,5
1598,7,7,7,8,8,7
1599,7,8,6,8,8,5
1600,6,8,6,8,8,7
1601,7,8,6,7,7,6
1602,8,8,8,9,9,7
1603,8,8,6,9,9,8
1604,7,8,6,6,9,7
1605,7,8,6,6,6,6
1606,7,7,6,6,7,5
1607,5,4,5,5,5,5
1608,8,8,6,8,7,7
1609,7,7,7,7,8,6
1610,8,8,7,9,7,6
1611,6,6,5,6,6,5
1612,9,8,8,9,9,5
1613,6,7,6,6,6,7
1614,6,6,5,10,10,6
1615,9,9,6,10,9,8
1616,9,9,8,10,10,9
1617,7,7,8,8,8,7
1618,7,8,5,7,7,6
1619,8,8,7,9,9,7
1620,7,6,7,8,8,8
1621,8,9,7,8,9,7
1622,7,6,6,8,7,6
1623,7,7,7,8,7,5
1624,6,8,6,7,7,6
1625,8,8,6,8,8,7
1626,8,8,8,8,8,4
1627,6,5,5,6,5,6
1628,7,7,6,8,6,6
1629,5,6,5,6,6,5
1630,7,7,6,5,6,7
1631,7,7,6,7,7,6
1632,7,7,6,7,7,7
1633,9,9,7,9,9,7
1634,9,9,8,10,9,8
1635,5,4,5,6,5,5
1636,9,9,7,9,9,6
1637,8,8,6,8,8,6
1638,7,7,7,7,7,6
1639,6,7,7,6,6,6
1640,4,6,4,8,6,6
1641,8,8,6,8,8,6
1642,5,5,5,7,5,6
1643,8,7,6,8,8,5
1644,6,6,4,7,5,5
1645,7,7,5,7,8,6
1646,5,5,5,6,6,5
1647,9,9,7,7,8,8
1648,8,8,6,8,8,4
1649,6,6,7,7,7,5
1650,6,6,6,6,5,4
1651,8,8,5,7,8,6
1652,7,8,7,7,7,8
1653,7,7,5,7,4,6
1654,8,9,7,7,7,7
1655,7,8,6,6,4,6
1656,7,6,6,6,7,6
1657,6,6,7,5,7,7
1658,8,8,6,7,7,5
1659,7,7,6,8,7,6
1660,8,7,7,7,6,7
1661,8,9,9,8,8,4
1662,7,8,7,8,7,6
1663,8,8,6,6,8,6
1664,8,7,7,9,9,6
1665,6,7,6,6,4,5
1666,7,7,7,8,8,7
1667,7,8,6,8,6,7
1668,7,6,5,6,6,8
1669,5,5,6,5,5,6
1670,7,7,5,9,9,7
1671,8,6,7,7,7,6
1672,8,8,8,9,9,7
1673,7,5,5,7,8,5
1674,7,7,7,8,8,7
1675,5,7,5,6,7,5
1676,7,7,6,9,8,6
1677,6,5,5,6,7,5
1678,6,7,6,7,6,6
1679,5,6,4,6,5,6
1680,8,9,5,7,9,7
1681,8,9,7,6,8,7
1682,7,7,5,7,3,5
1683,5,5,4,6,6,6
1684,8,8,8,8,8,7
1685,9,8,7,8,9,6
1686,8,7,5,8,7,8
1687,6,7,5,8,6,7
1688,7,7,6,7,7,8
1689,7,8,6,6,6,7
1690,6,7,6,6,4,4
1691,8,7,3,8,6,7
1692,8,8,4,7,8,7
1693,7,6,6,6,7,6
1694,7,8,6,8,7,5
1695,7,8,6,7,7,6
1696,5,5,5,5,5,4
1697,7,7,8,7,7,7
1698,9,8,7,8,8,7
1699,6,6,6,5,5,6
1700,6,6,6,6,6,6
1701,6,6,4,6,6,6
1702,6,5,6,7,8,7
1703,7,7,7,6,4,4
1704,8,7,7,9,6,4
1705,6,7,6,6,6,6
1706,8,8,5,7,7,6
1707,7,5,5,6,6,7
1708,7,8,6,9,8,7
1709,6,6,6,6,5,6
1710,6,6,6,6,6,6
1711,5,6,3,5,6,6
1712,6,6,6,7,8,6
1713,6,6,4,6,1,6
1714,9,9,6,8,9,7
1715,7,7,6,8,7,7
1716,8,8,6,8,8,8
1717,9,9,5,9,9,6
1718,9,9,5,9,9,8
1719,6,6,5,7,7,7
1720,6,6,6,7,5,6
1721,8,8,7,9,9,8
1722,7,7,7,9,9,7
1723,8,8,6,9,9,8
1724,8,9,7,9,10,4
1725,9,8,6,8,7,6
1726,7,7,6,8,7,7
1727,5,5,6,3,6,5
1728,8,7,7,7,6,7
1729,8,8,7,8,8,8
1730,7,7,6,7,7,9
1731,8,8,5,5,6,7
1732,9,8,7,9,10,8
1733,8,9,7,7,8,7
1734,9,9,6,9,9,8
1735,8,8,6,9,7,8
1736,1,2,4,3,3,6
1737,6,5,5,7,8,6
1738,7,7,7,8,8,6
1739,7,7,8,9,9,7
1740,8,8,8,8,8,7
1741,7,7,7,7,9,7
1742,8,7,6,8,8,7
1743,7,7,7,7,7,7
1744,9,9,8,9,10,5
1745,7,8,7,7,7,8
1746,7,8,6,8,6,6
1747,9,9,5,10,9,6
1748,8,6,6,7,7,7
1749,5,4,5,5,5,5
1750,7,7,7,8,8,7
1751,5,4,5,6,5,6
1752,6,7,7,8,6,5
1753,6,5,5,6,6,5
1754,6,7,6,7,7,6
1755,9,9,5,10,10,8
1756,8,8,7,8,8,5
1757,7,7,8,8,8,7
1758,7,7,7,8,8,8
1759,5,5,5,8,4,6
1760,8,8,6,8,6,8
1761,8,8,7,7,7,7
1762,6,6,5,7,8,6
1763,7,7,7,7,8,4
1764,7,6,5,6,6,6
1765,8,8,6,6,8,7
1766,8,8,8,7,8,4
1767,8,8,6,8,8,7
1768,5,8,6,5,10,4
1769,7,7,6,8,7,8
1770,9,9,5,6,10,6
1771,8,8,8,7,7,8
1772,7,7,8,8,7,5
1773,8,9,7,7,8,7
1774,6,6,8,7,7,6
1775,7,8,6,6,7,5
1776,5,5,8,6,7,6
1777,9,9,7,8,8,7
1778,8,8,6,6,6,8
1779,7,7,6,8,7,6
1780,7,7,6,9,8,7
1781,6,7,6,6,7,5
1782,8,8,6,7,7,8
1783,7,7,6,5,8,7
1784,8,8,7,8,7,8
1785,7,6,6,8,8,5
1786,8,8,8,9,9,8
1787,8,8,7,9,9,8
1788,9,9,8,8,8,6
1789,8,8,9,8,8,5
1790,9,8,8,9,9,8
1791,7,6,7,6,7,7
1792,6,6,6,6,7,6
1793,5,4,5,6,6,6
1794,9,9,7,8,8,5
1795,6,6,6,7,7,7
1796,6,7,6,6,7,6
1797,6,7,6,6,6,7
1798,8,7,5,4,1,8
1799,7,7,5,6,6,7
1800,5,5,6,5,6,6
1801,8,8,9,8,8,5
1802,8,8,6,4,2,9
1803,6,7,6,6,7,5
1804,7,7,6,7,7,7
1805,7,6,6,6,7,6
1806,5,6,7,7,6,6
1807,8,7,8,8,7,7
1808,9,9,6,9,10,8
1809,7,6,7,7,8,5
1810,6,6,7,7,6,5
1811,9,9,6,10,10,7
1812,8,8,6,7,8,5
1813,8,8,7,8,7,7
1814,6,8,6,6,6,4
1815,7,6,6,4,4,5
1816,7,6,6,8,9,5
1817,8,8,7,7,8,5
1818,7,7,4,5,4,7
1819,8,8,7,9,9,7
1820,7,6,6,7,7,6
1821,6,7,6,8,7,6
1822,9,9,7,8,9,7
1823,7,7,6,8,8,7
1824,6,7,6,7,5,9
1825,9,7,6,6,6,9
1826,8,9,5,9,9,8
1827,6,5,5,5,6,6
1828,7,7,7,7,7,6
1829,7,7,6,9,9,6
1830,8,8,6,7,8,6
1831,7,7,5,8,9,6
1832,3,3,6,4,4,4
1833,7,5,7,7,8,6
1834,9,9,5,9,9,8
1835,6,6,5,8,6,6
1836,8,9,6,10,10,6
1837,5,5,4,6,6,8
1838,8,7,6,8,8,7
1839,9,8,5,9,9,7
1840,9,9,7,10,10,6
1841,8,8,8,7,8,8
1842,7,7,7,7,4,7
1843,8,7,7,8,8,3
1844,8,7,7,5,3,5
1845,9,8,8,8,8,9
1846,7,8,7,7,7,7
1847,8,8,7,9,9,6
1848,5,4,7,5,6,7
1849,8,6,7,8,8,5
1850,7,8,6,4,4,3
1851,7,7,6,8,6,5
1852,8,7,5,3,3,9
1853,5,7,6,6,7,5
1854,7,7,5,7,7,5
1855,7,5,7,8,7,8
1856,9,8,6,7,9,7
1857,8,7,6,9,9,6
1858,8,9,7,7,9,7
1859,9,9,6,9,9,7
1860,9,9,7,9,8,8
1861,5,4,7,6,6,7
1862,8,7,7,8,7,4
1863,8,8,7,8,8,8
1864,8,8,8,7,7,8
1865,6,6,6,6,6,5
1866,7,7,7,7,6,6
1867,6,7,6,6,7,7
1868,6,6,6,6,7,6
1869,6,7,8,7,7,8
1870,7,7,6,6,6,8
1871,3,3,5,9,10,5
1872,7,7,6,7,7,8
1873,7,7,8,7,7,8
1874,7,7,8,7,7,8
1875,7,7,8,8,8,8
1876,7,7,7,7,7,8
1877,7,7,8,7,7,8
1878,5,5,6,5,1,5
1879,5,6,5,6,5,5
1880,7,7,8,7,8,8
1881,4,6,4,5,2,5
1882,8,8,8,8,8,8
1883,6,6,5,8,7,6
1884,8,8,5,8,5,7
1885,7,7,8,8,9,5
1886,8,7,6,6,8,5
1887,7,6,6,5,4,6
1888,8,9,8,9,9,7
1889,7,8,8,9,8,7
1890,7,7,7,7,7,6
1891,8,9,5,10,9,7
1892,5,3,7,6,7,6
1893,8,6,4,9,7,5
1894,8,7,6,6,9,5
1895,7,9,5,8,8,6
1896,8,5,5,6,6,6
1897,7,7,7,8,7,7
1898,7,8,7,8,9,6
1899,7,7,7,8,7,6
1900,6,6,7,7,6,6
1901,6,6,7,7,7,7
1902,7,6,6,7,7,6
1903,7,8,7,8,6,7
1904,8,8,6,8,8,7
1905,7,7,6,8,7,5
1906,6,6,6,7,7,7
1907,7,7,7,7,6,7
1908,6,6,7,7,7,7
1909,8,8,7,8,8,7
1910,8,8,9,9,9,4
1911,8,8,8,7,8,4
1912,7,7,8,7,7,4
1913,7,8,8,7,7,4
1914,9,9,5,8,4,6
1915,6,6,6,6,6,6
1916,8,7,6,7,7,8
1917,4,4,4,7,7,5
1918,9,9,6,8,9,8
1919,7,8,6,8,8,7
1920,7,7,7,7,6,7
1921,6,6,7,6,5,6
1922,7,6,6,6,5,7
1923,7,7,7,7,5,6
1924,7,7,8,6,7,7
1925,8,7,5,7,7,7
1926,8,8,7,8,8,6
1927,7,7,6,7,7,6
1928,8,8,7,7,7,6
1929,8,8,5,7,8,7
1930,9,9,7,9,8,8
1931,8,8,5,7,8,7
1932,8,8,8,8,8,7
1933,9,9,8,10,9,8
1934,7,7,6,6,6,8
1935,8,8,6,7,7,6
1936,8,8,8,8,8,7
1937,8,8,6,8,9,7
1938,6,7,6,6,4,6
1939,8,8,5,7,7,7
1940,8,8,7,9,7,6
1941,8,8,5,5,6,7
1942,9,8,7,9,9,7
1943,8,8,6,8,8,8
1944,6,7,4,5,10,6
1945,6,6,7,6,6,7
1946,2,2,5,4,1,3
1947,4,3,7,5,5,4
1948,6,6,6,8,7,6
1949,7,5,5,7,7,7
1950,6,6,6,7,6,6
1951,5,5,6,6,6,6
1952,8,8,5,8,9,7
1953,6,6,6,6,6,5
1954,7,7,6,7,1,8
1955,8,8,5,9,9,8
1956,5,4,5,6,6,6
1957,7,7,7,8,8,6
1958,6,7,6,5,6,5
1959,6,6,6,7,6,7
1960,8,8,4,7,5,7
1961,6,5,5,7,7,6
1962,7,7,6,9,9,6
1963,6,6,4,4,5,6
1964,6,6,6,7,7,5
1965,6,6,7,6,6,5
1966,8,8,6,5,8,6
1967,7,8,8,7,8,6
1968,6,6,6,10,10,7
1969,7,6,7,8,8,8
1970,8,7,6,6,7,5
1971,8,7,6,7,7,7
1972,8,6,6,7,9,8
1973,8,8,4,5,5,6
1974,8,7,6,7,6,6
1975,7,8,6,8,7,5
1976,7,8,6,7,8,8
1977,5,5,5,5,6,4
1978,7,6,6,10,8,6
1979,7,7,8,8,8,5
1980,8,8,7,7,8,6
1981,8,8,6,8,8,7
1982,7,8,7,7,9,7
1983,9,9,5,10,10,8
1984,5,4,4,6,6,6
1985,6,6,7,6,6,5
1986,9,9,6,9,9,8
1987,7,7,6,6,6,6
1988,7,7,6,7,7,6
1989,8,7,7,8,3,7
1990,8,8,5,6,5,7
1991,6,6,3,6,5,5
1992,3,2,6,6,7,4
1993,8,8,6,6,8,7
1994,8,8,8,8,8,8
1995,8,8,9,7,8,7
1996,8,8,7,6,7,8
1997,6,7,6,5,7,7
1998,8,8,7,8,8,6
1999,8,8,6,7,7,7
2000,8,7,7,8,9,7
2001,6,6,4,6,3,5
2002,8,8,7,9,9,8
2003,6,6,5,6,8,7
2004,8,8,6,5,7,7
2005,5,5,5,5,5,5
2006,8,8,6,5,9,6
2007,9,9,7,8,9,7
2008,8,8,6,7,7,6
2009,8,8,6,7,6,7
2010,6,6,5,7,6,6
2011,7,6,6,7,7,5
2012,6,5,6,5,4,6
2013,7,7,6,7,7,6
2014,5,5,5,6,6,6
2015,4,4,5,5,5,4
2016,7,7,6,7,6,6
2017,6,6,6,7,8,5
2018,8,4,7,8,7,5
2019,9,9,8,5,6,7
2020,8,9,8,8,9,5
2021,9,9,4,10,10,6
2022,7,8,6,8,9,7
2023,7,7,6,6,6,5
2024,7,7,5,6,3,5
2025,8,8,7,8,8,8
2026,9,9,6,9,8,8
2027,7,7,7,9,9,7
2028,8,7,5,8,8,8
2029,7,8,7,8,7,7
2030,8,8,7,8,8,7
2031,6,6,4,7,6,7
2032,8,9,9,10,10,4
2033,7,8,7,7,9,5
2034,7,8,7,8,7,6
2035,7,7,6,6,8,5
2036,8,7,6,7,8,7
2038,8,7,6,8,8,8
2039,6,4,5,7,3,6
2040,8,8,7,7,7,6
2041,7,8,7,8,9,7
2042,8,9,7,5,7,7
2043,7,5,7,7,7,7
2044,8,8,5,4,6,7
2045,7,8,5,9,9,8
2046,9,9,8,7,8,8
2047,7,8,7,6,7,6
2048,5,5,5,6,6,7
2049,7,7,7,8,7,7
2050,8,8,7,9,8,7
2051,8,8,5,6,1,7
2052,8,8,6,7,6,6
2053,9,9,5,4,5,4
2054,9,9,7,9,9,7
2055,8,9,8,9,7,6
2056,9,7,6,6,9,6
2057,7,5,7,7,6,6
2058,6,5,5,4,6,6
2059,7,7,4,7,7,6
2060,6,6,5,7,7,7
2061,9,9,6,8,10,9
2062,5,6,4,7,5,5
2063,5,6,5,5,3,4
2064,8,8,6,8,8,7
2065,6,6,6,6,6,8
2066,5,5,6,6,6,7
2067,8,8,6,8,7,8
2068,7,7,6,7,7,8
2069,8,8,6,8,8,8
2070,6,6,7,6,6,7
2071,6,5,7,6,6,7
2072,7,7,7,7,8,8
2073,7,6,7,6,7,6
2074,5,5,5,5,6,5
2075,8,8,6,9,9,8
2076,7,6,7,7,7,8
2077,8,8,9,9,10,9
2078,8,8,7,8,9,8
2079,8,8,8,8,8,9
2080,6,6,5,7,6,7
2081,6,6,5,6,7,6
2082,7,6,7,6,7,7
2083,7,8,6,8,7,6
2084,7,7,7,7,7,8
2085,6,7,7,7,7,7
2086,7,7,7,7,6,7
2087,7,7,7,7,7,6
2088,6,5,8,5,5,3
2089,7,8,7,8,8,6
2090,8,8,7,8,8,5
2091,8,9,8,8,9,3
2092,9,9,8,9,9,3
2093,8,8,9,9,9,9
2094,8,8,9,9,9,8
2095,7,7,7,7,8,6
2096,8,8,9,9,9,8
2097,6,8,6,7,7,7
2098,5,6,6,6,5,7
2099,8,8,7,8,8,6
2100,7,8,8,8,7,7
2101,7,6,5,6,6,6
2102,6,6,7,7,7,7
2103,6,6,7,6,7,7
2104,5,4,6,6,6,6
2105,7,7,6,6,6,7
2106,7,7,8,7,7,7
2107,5,4,5,5,6,5
2108,6,6,7,7,6,6
2109,6,6,6,6,7,7
2110,7,7,8,8,8,7
2111,6,6,6,6,6,5
2112,8,8,8,9,9,8
2113,7,7,7,7,7,7
2114,6,7,6,6,7,7
2115,7,8,8,9,9,7
2116,6,6,6,6,5,7
2117,7,7,5,3,1,8
2118,6,6,6,7,7,7
2119,8,8,6,9,9,6
2120,8,9,6,9,8,8
2121,8,8,8,9,8,7
2122,8,8,6,8,8,7
2123,7,6,8,7,7,4
2124,6,6,6,7,5,7
2125,7,7,7,6,6,7
2126,7,8,8,7,7,8
2127,8,8,7,7,7,6
2128,8,8,6,8,7,7
2129,7,6,7,8,7,4
2130,8,8,7,8,7,4
2131,8,8,4,9,9,8
2132,7,8,7,7,8,6
2133,8,9,8,8,9,6
2134,9,9,6,7,4,8
2135,8,9,6,7,6,8
2136,9,8,8,7,8,6
2137,9,9,5,10,10,9
2138,6,6,7,7,7,8
2139,8,9,7,9,7,7
2140,7,7,7,9,8,7
2141,7,7,5,7,7,6
2142,7,7,5,6,7,6
2143,6,6,6,7,6,5
2144,8,8,7,8,8,5
2145,4,5,6,5,5,7
2146,9,9,5,10,10,8
2147,8,8,9,9,9,8
2148,9,8,7,9,9,7
2149,9,9,4,10,10,6
2150,8,8,9,9,9,8
2151,6,5,6,7,6,5
2152,7,5,5,7,4,6
2153,7,7,8,6,6,7
2154,8,8,8,9,9,8
2155,7,8,6,8,8,7
2156,7,6,6,7,8,7
2157,8,7,6,8,10,8
2158,4,3,4,4,4,6
2159,6,6,7,6,6,6
2160,5,6,5,5,7,6
2161,7,7,7,6,6,6
2162,9,9,6,10,10,7
2163,9,9,6,10,10,4
2164,7,7,7,6,6,5
2165,5,5,6,5,5,7
2166,8,7,7,8,4,6
2167,9,9,8,9,9,8
2168,8,7,7,8,8,6
2169,9,8,9,9,9,6
2170,8,8,8,7,8,8
2171,5,4,5,6,1,5
2172,7,8,8,8,8,5
2173,9,9,6,8,8,3
2174,8,8,6,9,6,6
2175,6,6,5,7,7,5
2176,8,8,9,9,8,9
2177,8,9,8,8,8,5
2178,8,8,9,8,8,8
2179,7,8,7,7,7,7
2180,5,5,3,6,6,4
2181,7,6,5,7,7,6
2182,8,8,5,8,9,7
2183,6,6,6,6,6,5
2184,7,6,5,4,4,6
2185,7,5,5,6,4,5
2186,6,6,6,6,6,7
2187,7,6,6,6,6,7
2188,7,7,6,7,7,7
2189,7,6,5,5,5,5
2190,7,7,6,6,2,6
2191,8,7,7,10,9,7
2192,6,6,6,6,7,6
2193,8,8,6,8,8,6
2194,6,6,5,6,8,5
2195,3,3,5,4,4,6
2196,6,6,6,6,6,6
2198,7,7,7,6,6,6
2199,7,7,7,9,8,6
2200,7,6,4,6,7,6
2201,8,8,7,9,9,9
2202,7,8,7,8,7,6
2203,8,7,6,7,6,6
2204,6,6,5,7,6,6
2205,7,7,8,8,8,6
2206,7,5,6,7,7,6
2207,7,7,7,8,7,6
2208,6,6,6,6,6,7
2209,4,4,6,5,7,6
2210,7,7,6,6,7,7
2211,8,8,7,9,7,6
2212,8,8,8,9,9,7
2213,4,6,6,6,7,6
2214,6,6,5,6,4,6
2215,8,9,8,6,9,6
2216,7,7,6,5,6,7
2217,7,7,6,8,7,6
2218,8,7,7,9,8,7
2219,6,4,6,7,8,6
2220,8,8,9,9,8,8
2221,2,3,4,5,2,3
2222,7,8,5,7,7,7
2223,6,6,6,5,4,4
2224,5,6,6,6,6,6
2225,7,7,6,6,6,7
2226,6,6,6,6,6,4
2227,9,9,8,10,9,8
2228,8,8,5,7,8,6
2229,7,8,7,9,8,6
2230,6,6,6,6,6,6
2231,8,3,7,8,7,6
2232,7,6,6,7,7,7
2233,5,5,6,6,6,6
2234,6,5,5,5,6,5
2235,9,9,6,6,8,7
2236,5,6,6,6,5,6
2237,9,9,10,10,10,7
2238,8,7,6,6,7,5
2239,7,8,6,6,8,7
2240,8,8,8,7,9,6
2241,8,8,7,9,9,7
2242,7,7,5,7,6,7
2243,9,9,7,9,9,7
2244,6,6,6,7,7,6
2245,5,5,4,5,6,6
2246,7,7,5,8,7,6
2247,8,9,9,6,9,6
2248,4,4,7,5,5,6
2249,6,6,6,7,8,5
2250,9,9,6,8,9,7
2251,5,5,7,7,6,6
2252,8,8,7,9,9,7
2253,7,7,5,5,5,7
2254,7,5,7,7,6,6
2255,5,5,6,7,6,6
2256,9,9,7,8,9,7
2257,7,7,5,3,1,8
2258,7,7,7,8,8,7
2259,6,6,6,6,6,7
2260,6,6,5,6,6,8
2261,7,7,6,7,6,6
2262,7,6,7,7,7,6
2263,6,6,6,5,7,4
2264,7,7,7,8,7,7
2265,6,6,6,6,6,8
2266,7,7,7,7,7,7
2267,8,8,9,8,8,8
2268,7,7,8,8,8,8
2269,6,4,6,6,7,4
2270,7,7,3,6,6,7
2271,7,7,7,8,8,6
2272,6,7,8,7,7,4
2273,8,8,8,8,8,8
2274,9,9,8,8,9,5
2275,8,8,8,8,8,8
2276,7,7,7,6,6,5
2277,7,8,7,8,5,7
2278,4,5,4,6,5,5
2279,8,8,6,6,6,6
2280,7,7,6,7,6,4
2281,6,5,5,7,6,5
2282,6,6,6,6,8,5
2283,6,6,7,6,7,6
2284,7,7,6,7,1,8
2285,6,8,7,6,6,6
2286,8,8,7,9,2,7
2287,6,6,3,6,6,7
2288,7,7,7,8,7,6
2289,8,8,7,8,7,7
2290,8,7,6,8,6,6
2291,7,7,6,7,8,6
2292,7,7,7,8,6,5
2293,7,7,7,8,7,6
2294,7,7,6,7,6,6
2295,7,7,6,7,8,6
2296,7,6,6,7,6,5
2297,7,7,6,8,6,5
2298,7,7,6,7,6,6
2299,6,6,6,6,6,5
2300,6,7,7,7,7,5
2301,7,7,6,7,6,6
2302,7,6,6,6,7,4
2303,6,6,6,6,6,4
2304,7,7,6,7,6,6
2305,6,6,7,6,6,5
2306,7,6,7,7,6,5
2307,5,6,6,6,6,5
2308,8,8,7,8,5,6
2309,7,6,6,7,6,5
